t,beta1,beta2,beta3,r1,r2,r3,d1,d2,d3,p1,p2,p3,gamma,sigma
1/4/2020,0.057077333,0.003325387,0.000762185,0.005672294,0.003970606,0.004537835,1.79E-05,1.79E-05,1.79E-05,0.916466986,0.07801993,0.009310817,0.000100357,0.05
2/4/2020,0.057077333,0.003325387,0.000762185,0.005672294,0.003970606,0.004537835,1.79E-05,1.79E-05,1.79E-05,0.916466986,0.07801993,0.009310817,0.000100357,0.05
3/4/2020,0.057077333,0.003325387,0.000762185,0.005672294,0.003970606,0.004537835,1.79E-05,1.79E-05,1.79E-05,0.916466986,0.07801993,0.009310817,0.000100357,0.05
4/4/2020,0.060541186,0.001433658,0.000275975,0.01934305,0.013523339,0.015795152,0.000829046,0.000723703,0.00102195,0.937046964,0.061630919,0.008367025,0.000100818,0.05
5/4/2020,0.060541186,0.001433658,0.000275975,0.01934305,0.013523339,0.015795152,0.000829046,0.000723703,0.00102195,0.937046964,0.061630919,0.008367025,0.000100818,0.05
6/4/2020,0.060541186,0.001433658,0.000275975,0.01934305,0.013523339,0.015795152,0.000829046,0.000723703,0.00102195,0.937046964,0.061630919,0.008367025,0.000100818,0.05
7/4/2020,0.060541186,0.001433658,0.000275975,0.01934305,0.013523339,0.015795152,0.000829046,0.000723703,0.00102195,0.937046964,0.061630919,0.008367025,0.000100818,0.05
8/4/2020,0.060541186,0.001433658,0.000275975,0.01934305,0.013523339,0.015795152,0.000829046,0.000723703,0.00102195,0.937046964,0.061630919,0.008367025,0.000100818,0.05
9/4/2020,0.060541186,0.001433658,0.000275975,0.01934305,0.013523339,0.015795152,0.000829046,0.000723703,0.00102195,0.937046964,0.061630919,0.008367025,0.000100818,0.05
10/4/2020,0.060541186,0.001433658,0.000275975,0.01934305,0.013523339,0.015795152,0.000829046,0.000723703,0.00102195,0.937046964,0.061630919,0.008367025,0.000100818,0.05
11/4/2020,0.060541186,0.001433658,0.000275975,0.01934305,0.013523339,0.015795152,0.000829046,0.000723703,0.00102195,0.937046964,0.061630919,0.008367025,0.000100818,0.05
12/4/2020,0.060541186,0.001433658,0.000275975,0.01934305,0.013523339,0.015795152,0.000829046,0.000723703,0.00102195,0.937046964,0.061630919,0.008367025,0.000100818,0.05
13/4/2020,0.060541186,0.001433658,0.000275975,0.01934305,0.013523339,0.015795152,0.000829046,0.000723703,0.00102195,0.937046964,0.061630919,0.008367025,0.000100818,0.05
14/4/2020,0.060541186,0.001433658,0.000275975,0.01934305,0.013523339,0.015795152,0.000829046,0.000723703,0.00102195,0.937046964,0.061630919,0.008367025,0.000100818,0.05
15/4/2020,0.060541186,0.001433658,0.000275975,0.01934305,0.013523339,0.015795152,0.000829046,0.000723703,0.00102195,0.937046964,0.061630919,0.008367025,0.000100818,0.05
16/4/2020,0.060541186,0.001433658,0.000275975,0.01934305,0.013523339,0.015795152,0.000829046,0.000723703,0.00102195,0.937046964,0.061630919,0.008367025,0.000100818,0.05
17/4/2020,0.060541186,0.001433658,0.000275975,0.01934305,0.013523339,0.015795152,0.000829046,0.000723703,0.00102195,0.937046964,0.061630919,0.008367025,0.000100818,0.05
18/4/2020,0.060541186,0.001433658,0.000275975,0.01934305,0.013523339,0.015795152,0.000829046,0.000723703,0.00102195,0.937046964,0.061630919,0.008367025,0.000100818,0.05
19/4/2020,0.060541186,0.001433658,0.000275975,0.01934305,0.013523339,0.015795152,0.000829046,0.000723703,0.00102195,0.937046964,0.061630919,0.008367025,0.000100818,0.05
20/4/2020,0.060541186,0.001433658,0.000275975,0.01934305,0.013523339,0.015795152,0.000829046,0.000723703,0.00102195,0.937046964,0.061630919,0.008367025,0.000100818,0.05
21/4/2020,0.039419934,0.00113694,0.000367714,0.027498658,0.019249102,0.021998914,0.000647197,0.000566293,0.000808991,0.93991629,0.053294535,0.006782941,0.0001,0.05
22/4/2020,0.039419934,0.00113694,0.000367714,0.027498658,0.019249102,0.021998914,0.000647197,0.000566293,0.000808991,0.93991629,0.053294535,0.006782941,0.0001,0.05
23/4/2020,0.039419934,0.00113694,0.000367714,0.027498658,0.019249102,0.021998914,0.000647197,0.000566293,0.000808991,0.93991629,0.053294535,0.006782941,0.0001,0.05
24/4/2020,0.039419934,0.00113694,0.000367714,0.027498658,0.019249102,0.021998914,0.000647197,0.000566293,0.000808991,0.93991629,0.053294535,0.006782941,0.0001,0.05
25/4/2020,0.039419934,0.00113694,0.000367714,0.027498658,0.019249102,0.021998914,0.000647197,0.000566293,0.000808991,0.93991629,0.053294535,0.006782941,0.0001,0.05
26/4/2020,0.007243267,0.002719017,0.000306694,0.053134292,0.037194004,0.042507434,0.000512237,0.000440188,0.000604164,0.944093058,0.041776425,0.004160998,9.92E-05,0.05
27/4/2020,0.007243267,0.002719017,0.000306694,0.053134292,0.037194004,0.042507434,0.000512237,0.000440188,0.000604164,0.944093058,0.041776425,0.004160998,9.92E-05,0.05
28/4/2020,0.007243267,0.002719017,0.000306694,0.053134292,0.037194004,0.042507434,0.000512237,0.000440188,0.000604164,0.944093058,0.041776425,0.004160998,9.92E-05,0.05
29/4/2020,0.007243267,0.002719017,0.000306694,0.053134292,0.037194004,0.042507434,0.000512237,0.000440188,0.000604164,0.944093058,0.041776425,0.004160998,9.92E-05,0.05
30/4/2020,0.007243267,0.002719017,0.000306694,0.053134292,0.037194004,0.042507434,0.000512237,0.000440188,0.000604164,0.944093058,0.041776425,0.004160998,9.92E-05,0.05
1/5/2020,0.007243267,0.002719017,0.000306694,0.053134292,0.037194004,0.042507434,0.000512237,0.000440188,0.000604164,0.944093058,0.041776425,0.004160998,9.92E-05,0.05
2/5/2020,0.007243267,0.002719017,0.000306694,0.053134292,0.037194004,0.042507434,0.000512237,0.000440188,0.000604164,0.944093058,0.041776425,0.004160998,9.92E-05,0.05
3/5/2020,0.007243267,0.002719017,0.000306694,0.053134292,0.037194004,0.042507434,0.000512237,0.000440188,0.000604164,0.944093058,0.041776425,0.004160998,9.92E-05,0.05
4/5/2020,0.007243267,0.002719017,0.000306694,0.053134292,0.037194004,0.042507434,0.000512237,0.000440188,0.000604164,0.944093058,0.041776425,0.004160998,9.92E-05,0.05
5/5/2020,0.007243267,0.002719017,0.000306694,0.053134292,0.037194004,0.042507434,0.000512237,0.000440188,0.000604164,0.944093058,0.041776425,0.004160998,9.92E-05,0.05
6/5/2020,0.007243267,0.002719017,0.000306694,0.053134292,0.037194004,0.042507434,0.000512237,0.000440188,0.000604164,0.944093058,0.041776425,0.004160998,9.92E-05,0.05
7/5/2020,0.007243267,0.002719017,0.000306694,0.053134292,0.037194004,0.042507434,0.000512237,0.000440188,0.000604164,0.944093058,0.041776425,0.004160998,9.92E-05,0.05
8/5/2020,0.007243267,0.002719017,0.000306694,0.053134292,0.037194004,0.042507434,0.000512237,0.000440188,0.000604164,0.944093058,0.041776425,0.004160998,9.92E-05,0.05
9/5/2020,0.007243267,0.002719017,0.000306694,0.053134292,0.037194004,0.042507434,0.000512237,0.000440188,0.000604164,0.944093058,0.041776425,0.004160998,9.92E-05,0.05
10/5/2020,0.007243267,0.002719017,0.000306694,0.053134292,0.037194004,0.042507434,0.000512237,0.000440188,0.000604164,0.944093058,0.041776425,0.004160998,9.92E-05,0.05
11/5/2020,0.011898626,0.001688501,0.00022976,0.082159458,0.059196904,0.065524457,0.000470119,0.000414464,0.000592091,0.951188318,0.043881679,0.00335043,0.000102002,0.05
12/5/2020,0.011898626,0.001688501,0.00022976,0.082159458,0.059196904,0.065524457,0.000470119,0.000414464,0.000592091,0.951188318,0.043881679,0.00335043,0.000102002,0.05
13/5/2020,0.011898626,0.001688501,0.00022976,0.082159458,0.059196904,0.065524457,0.000470119,0.000414464,0.000592091,0.951188318,0.043881679,0.00335043,0.000102002,0.05
14/5/2020,0.011898626,0.001688501,0.00022976,0.082159458,0.059196904,0.065524457,0.000470119,0.000414464,0.000592091,0.951188318,0.043881679,0.00335043,0.000102002,0.05
15/5/2020,0.011898626,0.001688501,0.00022976,0.082159458,0.059196904,0.065524457,0.000470119,0.000414464,0.000592091,0.951188318,0.043881679,0.00335043,0.000102002,0.05
16/5/2020,0.011898626,0.001688501,0.00022976,0.082159458,0.059196904,0.065524457,0.000470119,0.000414464,0.000592091,0.951188318,0.043881679,0.00335043,0.000102002,0.05
17/5/2020,0.011898626,0.001688501,0.00022976,0.082159458,0.059196904,0.065524457,0.000470119,0.000414464,0.000592091,0.951188318,0.043881679,0.00335043,0.000102002,0.05
18/5/2020,0.011898626,0.001688501,0.00022976,0.082159458,0.059196904,0.065524457,0.000470119,0.000414464,0.000592091,0.951188318,0.043881679,0.00335043,0.000102002,0.05
19/5/2020,0.011898626,0.001688501,0.00022976,0.082159458,0.059196904,0.065524457,0.000470119,0.000414464,0.000592091,0.951188318,0.043881679,0.00335043,0.000102002,0.05
20/5/2020,0.015708931,0.004570931,1.58E-05,0.063641912,0.045952874,0.050480491,3.14E-06,7.42E-06,1.89E-06,0.948546568,0.047981159,0.004951167,0.000100147,0.05
21/5/2020,0.015708931,0.004570931,1.58E-05,0.063641912,0.045952874,0.050480491,3.14E-06,7.42E-06,1.89E-06,0.948546568,0.047981159,0.004951167,0.000100147,0.05
22/5/2020,0.015708931,0.004570931,1.58E-05,0.063641912,0.045952874,0.050480491,3.14E-06,7.42E-06,1.89E-06,0.948546568,0.047981159,0.004951167,0.000100147,0.05
23/5/2020,0.015708931,0.004570931,1.58E-05,0.063641912,0.045952874,0.050480491,3.14E-06,7.42E-06,1.89E-06,0.948546568,0.047981159,0.004951167,0.000100147,0.05
24/5/2020,0.015708931,0.004570931,1.58E-05,0.063641912,0.045952874,0.050480491,3.14E-06,7.42E-06,1.89E-06,0.948546568,0.047981159,0.004951167,0.000100147,0.05
25/5/2020,0.015708931,0.004570931,1.58E-05,0.063641912,0.045952874,0.050480491,3.14E-06,7.42E-06,1.89E-06,0.948546568,0.047981159,0.004951167,0.000100147,0.05
26/5/2020,0.015708931,0.004570931,1.58E-05,0.063641912,0.045952874,0.050480491,3.14E-06,7.42E-06,1.89E-06,0.948546568,0.047981159,0.004951167,0.000100147,0.05
27/5/2020,0.015708931,0.004570931,1.58E-05,0.063641912,0.045952874,0.050480491,3.14E-06,7.42E-06,1.89E-06,0.948546568,0.047981159,0.004951167,0.000100147,0.05
28/5/2020,0.008622512,0.015530099,0.000689838,0.043227136,0.030258995,0.034581709,4.08E-05,4.08E-05,0.000244898,0.927681901,0.074579399,0.005901967,0.000100816,0.05
29/5/2020,0.008622512,0.015530099,0.000689838,0.043227136,0.030258995,0.034581709,4.08E-05,4.08E-05,0.000244898,0.927681901,0.074579399,0.005901967,0.000100816,0.05
30/5/2020,0.008622512,0.015530099,0.000689838,0.043227136,0.030258995,0.034581709,4.08E-05,4.08E-05,0.000244898,0.927681901,0.074579399,0.005901967,0.000100816,0.05
31/5/2020,0.008622512,0.015530099,0.000689838,0.043227136,0.030258995,0.034581709,4.08E-05,4.08E-05,0.000244898,0.927681901,0.074579399,0.005901967,0.000100816,0.05
1/6/2020,0.008622512,0.015530099,0.000689838,0.043227136,0.030258995,0.034581709,4.08E-05,4.08E-05,0.000244898,0.927681901,0.074579399,0.005901967,0.000100816,0.05
2/6/2020,0.008622512,0.015530099,0.000689838,0.043227136,0.030258995,0.034581709,4.08E-05,4.08E-05,0.000244898,0.927681901,0.074579399,0.005901967,0.000100816,0.05
3/6/2020,0.008622512,0.015530099,0.000689838,0.043227136,0.030258995,0.034581709,4.08E-05,4.08E-05,0.000244898,0.927681901,0.074579399,0.005901967,0.000100816,0.05
4/6/2020,0.008622512,0.015530099,0.000689838,0.043227136,0.030258995,0.034581709,4.08E-05,4.08E-05,0.000244898,0.927681901,0.074579399,0.005901967,0.000100816,0.05
5/6/2020,0.008622512,0.015530099,0.000689838,0.043227136,0.030258995,0.034581709,4.08E-05,4.08E-05,0.000244898,0.927681901,0.074579399,0.005901967,0.000100816,0.05
6/6/2020,0.008622512,0.015530099,0.000689838,0.043227136,0.030258995,0.034581709,4.08E-05,4.08E-05,0.000244898,0.927681901,0.074579399,0.005901967,0.000100816,0.05
7/6/2020,0.008622512,0.015530099,0.000689838,0.043227136,0.030258995,0.034581709,4.08E-05,4.08E-05,0.000244898,0.927681901,0.074579399,0.005901967,0.000100816,0.05
8/6/2020,0.008622512,0.015530099,0.000689838,0.043227136,0.030258995,0.034581709,4.08E-05,4.08E-05,0.000244898,0.927681901,0.074579399,0.005901967,0.000100816,0.05
9/6/2020,0.008622512,0.015530099,0.000689838,0.043227136,0.030258995,0.034581709,4.08E-05,4.08E-05,0.000244898,0.927681901,0.074579399,0.005901967,0.000100816,0.05
10/6/2020,0.044569485,0.018363175,0.000771159,0.03303665,0.023262843,0.026560753,1.58E-05,1.01E-05,1.58E-05,0.95897474,0.036179426,0.008325973,0.000100316,0.05
11/6/2020,0.044569485,0.018363175,0.000771159,0.03303665,0.023262843,0.026560753,1.58E-05,1.01E-05,1.58E-05,0.95897474,0.036179426,0.008325973,0.000100316,0.05
12/6/2020,0.044569485,0.018363175,0.000771159,0.03303665,0.023262843,0.026560753,1.58E-05,1.01E-05,1.58E-05,0.95897474,0.036179426,0.008325973,0.000100316,0.05
13/6/2020,0.044569485,0.018363175,0.000771159,0.03303665,0.023262843,0.026560753,1.58E-05,1.01E-05,1.58E-05,0.95897474,0.036179426,0.008325973,0.000100316,0.05
14/6/2020,0.044569485,0.018363175,0.000771159,0.03303665,0.023262843,0.026560753,1.58E-05,1.01E-05,1.58E-05,0.95897474,0.036179426,0.008325973,0.000100316,0.05
15/6/2020,0.044569485,0.018363175,0.000771159,0.03303665,0.023262843,0.026560753,1.58E-05,1.01E-05,1.58E-05,0.95897474,0.036179426,0.008325973,0.000100316,0.05
16/6/2020,0.044569485,0.018363175,0.000771159,0.03303665,0.023262843,0.026560753,1.58E-05,1.01E-05,1.58E-05,0.95897474,0.036179426,0.008325973,0.000100316,0.05
17/6/2020,0.044569485,0.018363175,0.000771159,0.03303665,0.023262843,0.026560753,1.58E-05,1.01E-05,1.58E-05,0.95897474,0.036179426,0.008325973,0.000100316,0.05
18/6/2020,0.044569485,0.018363175,0.000771159,0.03303665,0.023262843,0.026560753,1.58E-05,1.01E-05,1.58E-05,0.95897474,0.036179426,0.008325973,0.000100316,0.05
19/6/2020,0.044569485,0.018363175,0.000771159,0.03303665,0.023262843,0.026560753,1.58E-05,1.01E-05,1.58E-05,0.95897474,0.036179426,0.008325973,0.000100316,0.05
20/6/2020,0.044569485,0.018363175,0.000771159,0.03303665,0.023262843,0.026560753,1.58E-05,1.01E-05,1.58E-05,0.95897474,0.036179426,0.008325973,0.000100316,0.05
21/6/2020,0.044569485,0.018363175,0.000771159,0.03303665,0.023262843,0.026560753,1.58E-05,1.01E-05,1.58E-05,0.95897474,0.036179426,0.008325973,0.000100316,0.05
22/6/2020,0.044569485,0.018363175,0.000771159,0.03303665,0.023262843,0.026560753,1.58E-05,1.01E-05,1.58E-05,0.95897474,0.036179426,0.008325973,0.000100316,0.05
23/6/2020,0.167944803,0.004440825,0.013248882,0.016141026,0.010884212,0.012397574,9.71E-06,6.39E-06,4.15E-05,0.94734563,0.033626687,0.021639875,0.000100265,0.05
24/6/2020,0.167944803,0.004440825,0.013248882,0.016141026,0.010884212,0.012397574,9.71E-06,6.39E-06,4.15E-05,0.94734563,0.033626687,0.021639875,0.000100265,0.05
25/6/2020,0.060482658,0.001526929,0.000178544,0.011128024,0.007698662,0.008806987,7.94E-05,3.79E-05,4.95E-05,0.97045546,0.03110744,0.012074164,0.000101582,0.05
26/6/2020,0.060482658,0.001526929,0.000178544,0.011128024,0.007698662,0.008806987,7.94E-05,3.79E-05,4.95E-05,0.97045546,0.03110744,0.012074164,0.000101582,0.05
27/6/2020,0.060482658,0.001526929,0.000178544,0.011128024,0.007698662,0.008806987,7.94E-05,3.79E-05,4.95E-05,0.97045546,0.03110744,0.012074164,0.000101582,0.05
28/6/2020,0.060482658,0.001526929,0.000178544,0.011128024,0.007698662,0.008806987,7.94E-05,3.79E-05,4.95E-05,0.97045546,0.03110744,0.012074164,0.000101582,0.05
29/6/2020,0.060482658,0.001526929,0.000178544,0.011128024,0.007698662,0.008806987,7.94E-05,3.79E-05,4.95E-05,0.97045546,0.03110744,0.012074164,0.000101582,0.05
30/6/2020,0.060482658,0.001526929,0.000178544,0.011128024,0.007698662,0.008806987,7.94E-05,3.79E-05,4.95E-05,0.97045546,0.03110744,0.012074164,0.000101582,0.05
1/7/2020,0.060482658,0.001526929,0.000178544,0.011128024,0.007698662,0.008806987,7.94E-05,3.79E-05,4.95E-05,0.97045546,0.03110744,0.012074164,0.000101582,0.05
2/7/2020,0.060482658,0.001526929,0.000178544,0.011128024,0.007698662,0.008806987,7.94E-05,3.79E-05,4.95E-05,0.97045546,0.03110744,0.012074164,0.000101582,0.05
3/7/2020,0.060482658,0.001526929,0.000178544,0.011128024,0.007698662,0.008806987,7.94E-05,3.79E-05,4.95E-05,0.97045546,0.03110744,0.012074164,0.000101582,0.05
4/7/2020,0.060482658,0.001526929,0.000178544,0.011128024,0.007698662,0.008806987,7.94E-05,3.79E-05,4.95E-05,0.97045546,0.03110744,0.012074164,0.000101582,0.05
5/7/2020,0.060482658,0.001526929,0.000178544,0.011128024,0.007698662,0.008806987,7.94E-05,3.79E-05,4.95E-05,0.97045546,0.03110744,0.012074164,0.000101582,0.05
6/7/2020,0.060482658,0.001526929,0.000178544,0.011128024,0.007698662,0.008806987,7.94E-05,3.79E-05,4.95E-05,0.97045546,0.03110744,0.012074164,0.000101582,0.05
7/7/2020,0.060482658,0.001526929,0.000178544,0.011128024,0.007698662,0.008806987,7.94E-05,3.79E-05,4.95E-05,0.97045546,0.03110744,0.012074164,0.000101582,0.05
8/7/2020,0.060482658,0.001526929,0.000178544,0.011128024,0.007698662,0.008806987,7.94E-05,3.79E-05,4.95E-05,0.97045546,0.03110744,0.012074164,0.000101582,0.05
9/7/2020,0.060482658,0.001526929,0.000178544,0.011128024,0.007698662,0.008806987,7.94E-05,3.79E-05,4.95E-05,0.97045546,0.03110744,0.012074164,0.000101582,0.05
10/7/2020,0.060482658,0.001526929,0.000178544,0.011128024,0.007698662,0.008806987,7.94E-05,3.79E-05,4.95E-05,0.97045546,0.03110744,0.012074164,0.000101582,0.05
11/7/2020,0.060482658,0.001526929,0.000178544,0.011128024,0.007698662,0.008806987,7.94E-05,3.79E-05,4.95E-05,0.97045546,0.03110744,0.012074164,0.000101582,0.05
12/7/2020,0.060482658,0.001526929,0.000178544,0.011128024,0.007698662,0.008806987,7.94E-05,3.79E-05,4.95E-05,0.97045546,0.03110744,0.012074164,0.000101582,0.05
13/7/2020,0.060482658,0.001526929,0.000178544,0.011128024,0.007698662,0.008806987,7.94E-05,3.79E-05,4.95E-05,0.97045546,0.03110744,0.012074164,0.000101582,0.05
14/7/2020,0.060482658,0.001526929,0.000178544,0.011128024,0.007698662,0.008806987,7.94E-05,3.79E-05,4.95E-05,0.97045546,0.03110744,0.012074164,0.000101582,0.05
15/7/2020,0.060482658,0.001526929,0.000178544,0.011128024,0.007698662,0.008806987,7.94E-05,3.79E-05,4.95E-05,0.97045546,0.03110744,0.012074164,0.000101582,0.05
16/7/2020,0.060482658,0.001526929,0.000178544,0.011128024,0.007698662,0.008806987,7.94E-05,3.79E-05,4.95E-05,0.97045546,0.03110744,0.012074164,0.000101582,0.05
17/7/2020,0.034109253,0.00161749,4.33E-07,0.009040885,0.006328619,0.007232708,5.36E-05,5.36E-05,5.36E-05,0.969720917,0.034161141,0.006832228,0.000101071,0.05
18/7/2020,0.034109253,0.00161749,4.33E-07,0.009040885,0.006328619,0.007232708,5.36E-05,5.36E-05,5.36E-05,0.969720917,0.034161141,0.006832228,0.000101071,0.05
19/7/2020,0.034109253,0.00161749,4.33E-07,0.009040885,0.006328619,0.007232708,5.36E-05,5.36E-05,5.36E-05,0.969720917,0.034161141,0.006832228,0.000101071,0.05
20/7/2020,0.034109253,0.00161749,4.33E-07,0.009040885,0.006328619,0.007232708,5.36E-05,5.36E-05,5.36E-05,0.969720917,0.034161141,0.006832228,0.000101071,0.05
21/7/2020,0.056634389,0.004537881,0.000188233,0.031664195,0.022234107,0.025673595,0.000225326,0.000193977,0.000273575,0.912045612,0.077983336,0.005626818,0.000100149,0.05
22/7/2020,0.056634389,0.004537881,0.000188233,0.031664195,0.022234107,0.025673595,0.000225326,0.000193977,0.000273575,0.912045612,0.077983336,0.005626818,0.000100149,0.05
23/7/2020,0.056634389,0.004537881,0.000188233,0.031664195,0.022234107,0.025673595,0.000225326,0.000193977,0.000273575,0.912045612,0.077983336,0.005626818,0.000100149,0.05
24/7/2020,0.056634389,0.004537881,0.000188233,0.031664195,0.022234107,0.025673595,0.000225326,0.000193977,0.000273575,0.912045612,0.077983336,0.005626818,0.000100149,0.05
25/7/2020,0.056634389,0.004537881,0.000188233,0.031664195,0.022234107,0.025673595,0.000225326,0.000193977,0.000273575,0.912045612,0.077983336,0.005626818,0.000100149,0.05
26/7/2020,0.056634389,0.004537881,0.000188233,0.031664195,0.022234107,0.025673595,0.000225326,0.000193977,0.000273575,0.912045612,0.077983336,0.005626818,0.000100149,0.05
27/7/2020,0.056634389,0.004537881,0.000188233,0.031664195,0.022234107,0.025673595,0.000225326,0.000193977,0.000273575,0.912045612,0.077983336,0.005626818,0.000100149,0.05
28/7/2020,0.056634389,0.004537881,0.000188233,0.031664195,0.022234107,0.025673595,0.000225326,0.000193977,0.000273575,0.912045612,0.077983336,0.005626818,0.000100149,0.05
29/7/2020,0.056634389,0.004537881,0.000188233,0.031664195,0.022234107,0.025673595,0.000225326,0.000193977,0.000273575,0.912045612,0.077983336,0.005626818,0.000100149,0.05
30/7/2020,0.056634389,0.004537881,0.000188233,0.031664195,0.022234107,0.025673595,0.000225326,0.000193977,0.000273575,0.912045612,0.077983336,0.005626818,0.000100149,0.05
31/7/2020,0.056634389,0.004537881,0.000188233,0.031664195,0.022234107,0.025673595,0.000225326,0.000193977,0.000273575,0.912045612,0.077983336,0.005626818,0.000100149,0.05
1/8/2020,0.056634389,0.004537881,0.000188233,0.031664195,0.022234107,0.025673595,0.000225326,0.000193977,0.000273575,0.912045612,0.077983336,0.005626818,0.000100149,0.05
2/8/2020,0.056634389,0.004537881,0.000188233,0.031664195,0.022234107,0.025673595,0.000225326,0.000193977,0.000273575,0.912045612,0.077983336,0.005626818,0.000100149,0.05
3/8/2020,0.056634389,0.004537881,0.000188233,0.031664195,0.022234107,0.025673595,0.000225326,0.000193977,0.000273575,0.912045612,0.077983336,0.005626818,0.000100149,0.05
4/8/2020,0.056634389,0.004537881,0.000188233,0.031664195,0.022234107,0.025673595,0.000225326,0.000193977,0.000273575,0.912045612,0.077983336,0.005626818,0.000100149,0.05
5/8/2020,0.056634389,0.004537881,0.000188233,0.031664195,0.022234107,0.025673595,0.000225326,0.000193977,0.000273575,0.912045612,0.077983336,0.005626818,0.000100149,0.05
6/8/2020,0.056634389,0.004537881,0.000188233,0.031664195,0.022234107,0.025673595,0.000225326,0.000193977,0.000273575,0.912045612,0.077983336,0.005626818,0.000100149,0.05
7/8/2020,0.056634389,0.004537881,0.000188233,0.031664195,0.022234107,0.025673595,0.000225326,0.000193977,0.000273575,0.912045612,0.077983336,0.005626818,0.000100149,0.05
8/8/2020,0.044602216,0.004037081,0.002497894,0.008312,0.005528852,0.006690018,3.58E-05,3.60E-05,3.12E-05,0.915176875,0.08272658,0.009248882,0.000100716,0.05
9/8/2020,0.044602216,0.004037081,0.002497894,0.008312,0.005528852,0.006690018,3.58E-05,3.60E-05,3.12E-05,0.915176875,0.08272658,0.009248882,0.000100716,0.05
10/8/2020,0.044602216,0.004037081,0.002497894,0.008312,0.005528852,0.006690018,3.58E-05,3.60E-05,3.12E-05,0.915176875,0.08272658,0.009248882,0.000100716,0.05
11/8/2020,0.044602216,0.004037081,0.002497894,0.008312,0.005528852,0.006690018,3.58E-05,3.60E-05,3.12E-05,0.915176875,0.08272658,0.009248882,0.000100716,0.05
12/8/2020,0.058531368,0.000623403,0.000385201,0.025059098,0.017545476,0.020045088,8.78E-05,7.68E-05,0.000109798,0.927569261,0.060386029,0.01257538,0.000100026,0.05
13/8/2020,0.058531368,0.000623403,0.000385201,0.025059098,0.017545476,0.020045088,8.78E-05,7.68E-05,0.000109798,0.927569261,0.060386029,0.01257538,0.000100026,0.05
14/8/2020,0.058531368,0.000623403,0.000385201,0.025059098,0.017545476,0.020045088,8.78E-05,7.68E-05,0.000109798,0.927569261,0.060386029,0.01257538,0.000100026,0.05
15/8/2020,0.058531368,0.000623403,0.000385201,0.025059098,0.017545476,0.020045088,8.78E-05,7.68E-05,0.000109798,0.927569261,0.060386029,0.01257538,0.000100026,0.05
16/8/2020,0.058531368,0.000623403,0.000385201,0.025059098,0.017545476,0.020045088,8.78E-05,7.68E-05,0.000109798,0.927569261,0.060386029,0.01257538,0.000100026,0.05
17/8/2020,0.058531368,0.000623403,0.000385201,0.025059098,0.017545476,0.020045088,8.78E-05,7.68E-05,0.000109798,0.927569261,0.060386029,0.01257538,0.000100026,0.05
18/8/2020,0.058531368,0.000623403,0.000385201,0.025059098,0.017545476,0.020045088,8.78E-05,7.68E-05,0.000109798,0.927569261,0.060386029,0.01257538,0.000100026,0.05
19/8/2020,0.058531368,0.000623403,0.000385201,0.025059098,0.017545476,0.020045088,8.78E-05,7.68E-05,0.000109798,0.927569261,0.060386029,0.01257538,0.000100026,0.05
20/8/2020,0.058531368,0.000623403,0.000385201,0.025059098,0.017545476,0.020045088,8.78E-05,7.68E-05,0.000109798,0.927569261,0.060386029,0.01257538,0.000100026,0.05
21/8/2020,0.058531368,0.000623403,0.000385201,0.025059098,0.017545476,0.020045088,8.78E-05,7.68E-05,0.000109798,0.927569261,0.060386029,0.01257538,0.000100026,0.05
22/8/2020,0.058531368,0.000623403,0.000385201,0.025059098,0.017545476,0.020045088,8.78E-05,7.68E-05,0.000109798,0.927569261,0.060386029,0.01257538,0.000100026,0.05
23/8/2020,0.058531368,0.000623403,0.000385201,0.025059098,0.017545476,0.020045088,8.78E-05,7.68E-05,0.000109798,0.927569261,0.060386029,0.01257538,0.000100026,0.05
24/8/2020,0.058531368,0.000623403,0.000385201,0.025059098,0.017545476,0.020045088,8.78E-05,7.68E-05,0.000109798,0.927569261,0.060386029,0.01257538,0.000100026,0.05
25/8/2020,0.058531368,0.000623403,0.000385201,0.025059098,0.017545476,0.020045088,8.78E-05,7.68E-05,0.000109798,0.927569261,0.060386029,0.01257538,0.000100026,0.05
26/8/2020,0.058531368,0.000623403,0.000385201,0.025059098,0.017545476,0.020045088,8.78E-05,7.68E-05,0.000109798,0.927569261,0.060386029,0.01257538,0.000100026,0.05
27/8/2020,0.058531368,0.000623403,0.000385201,0.025059098,0.017545476,0.020045088,8.78E-05,7.68E-05,0.000109798,0.927569261,0.060386029,0.01257538,0.000100026,0.05
28/8/2020,0.058531368,0.000623403,0.000385201,0.025059098,0.017545476,0.020045088,8.78E-05,7.68E-05,0.000109798,0.927569261,0.060386029,0.01257538,0.000100026,0.05
29/8/2020,0.058531368,0.000623403,0.000385201,0.025059098,0.017545476,0.020045088,8.78E-05,7.68E-05,0.000109798,0.927569261,0.060386029,0.01257538,0.000100026,0.05
30/8/2020,0.058531368,0.000623403,0.000385201,0.025059098,0.017545476,0.020045088,8.78E-05,7.68E-05,0.000109798,0.927569261,0.060386029,0.01257538,0.000100026,0.05
31/8/2020,0.058531368,0.000623403,0.000385201,0.025059098,0.017545476,0.020045088,8.78E-05,7.68E-05,0.000109798,0.927569261,0.060386029,0.01257538,0.000100026,0.05
1/9/2020,0.082530347,0.002785818,0.00018494,0.022779856,0.016342773,0.018577165,0.000142504,0.00012864,0.000184191,0.959378897,0.050328295,0.006522838,0.00010077,0.05
2/9/2020,0.082530347,0.002785818,0.00018494,0.022779856,0.016342773,0.018577165,0.000142504,0.00012864,0.000184191,0.959378897,0.050328295,0.006522838,0.00010077,0.05
3/9/2020,0.082530347,0.002785818,0.00018494,0.022779856,0.016342773,0.018577165,0.000142504,0.00012864,0.000184191,0.959378897,0.050328295,0.006522838,0.00010077,0.05
4/9/2020,0.082530347,0.002785818,0.00018494,0.022779856,0.016342773,0.018577165,0.000142504,0.00012864,0.000184191,0.959378897,0.050328295,0.006522838,0.00010077,0.05
5/9/2020,0.082530347,0.002785818,0.00018494,0.022779856,0.016342773,0.018577165,0.000142504,0.00012864,0.000184191,0.959378897,0.050328295,0.006522838,0.00010077,0.05
6/9/2020,0.082530347,0.002785818,0.00018494,0.022779856,0.016342773,0.018577165,0.000142504,0.00012864,0.000184191,0.959378897,0.050328295,0.006522838,0.00010077,0.05
7/9/2020,0.082530347,0.002785818,0.00018494,0.022779856,0.016342773,0.018577165,0.000142504,0.00012864,0.000184191,0.959378897,0.050328295,0.006522838,0.00010077,0.05
8/9/2020,0.082530347,0.002785818,0.00018494,0.022779856,0.016342773,0.018577165,0.000142504,0.00012864,0.000184191,0.959378897,0.050328295,0.006522838,0.00010077,0.05
9/9/2020,0.082530347,0.002785818,0.00018494,0.022779856,0.016342773,0.018577165,0.000142504,0.00012864,0.000184191,0.959378897,0.050328295,0.006522838,0.00010077,0.05
10/9/2020,0.082530347,0.002785818,0.00018494,0.022779856,0.016342773,0.018577165,0.000142504,0.00012864,0.000184191,0.959378897,0.050328295,0.006522838,0.00010077,0.05
11/9/2020,0.082530347,0.002785818,0.00018494,0.022779856,0.016342773,0.018577165,0.000142504,0.00012864,0.000184191,0.959378897,0.050328295,0.006522838,0.00010077,0.05
12/9/2020,0.082530347,0.002785818,0.00018494,0.022779856,0.016342773,0.018577165,0.000142504,0.00012864,0.000184191,0.959378897,0.050328295,0.006522838,0.00010077,0.05
13/9/2020,0.082530347,0.002785818,0.00018494,0.022779856,0.016342773,0.018577165,0.000142504,0.00012864,0.000184191,0.959378897,0.050328295,0.006522838,0.00010077,0.05
14/9/2020,0.082530347,0.002785818,0.00018494,0.022779856,0.016342773,0.018577165,0.000142504,0.00012864,0.000184191,0.959378897,0.050328295,0.006522838,0.00010077,0.05
15/9/2020,0.082530347,0.002785818,0.00018494,0.022779856,0.016342773,0.018577165,0.000142504,0.00012864,0.000184191,0.959378897,0.050328295,0.006522838,0.00010077,0.05
16/9/2020,0.082530347,0.002785818,0.00018494,0.022779856,0.016342773,0.018577165,0.000142504,0.00012864,0.000184191,0.959378897,0.050328295,0.006522838,0.00010077,0.05
17/9/2020,0.082530347,0.002785818,0.00018494,0.022779856,0.016342773,0.018577165,0.000142504,0.00012864,0.000184191,0.959378897,0.050328295,0.006522838,0.00010077,0.05
18/9/2020,0.082530347,0.002785818,0.00018494,0.022779856,0.016342773,0.018577165,0.000142504,0.00012864,0.000184191,0.959378897,0.050328295,0.006522838,0.00010077,0.05
19/9/2020,0.082530347,0.002785818,0.00018494,0.022779856,0.016342773,0.018577165,0.000142504,0.00012864,0.000184191,0.959378897,0.050328295,0.006522838,0.00010077,0.05
20/9/2020,0.082530347,0.002785818,0.00018494,0.022779856,0.016342773,0.018577165,0.000142504,0.00012864,0.000184191,0.959378897,0.050328295,0.006522838,0.00010077,0.05
21/9/2020,0.082530347,0.002785818,0.00018494,0.022779856,0.016342773,0.018577165,0.000142504,0.00012864,0.000184191,0.959378897,0.050328295,0.006522838,0.00010077,0.05
22/9/2020,0.082530347,0.002785818,0.00018494,0.022779856,0.016342773,0.018577165,0.000142504,0.00012864,0.000184191,0.959378897,0.050328295,0.006522838,0.00010077,0.05
23/9/2020,0.082530347,0.002785818,0.00018494,0.022779856,0.016342773,0.018577165,0.000142504,0.00012864,0.000184191,0.959378897,0.050328295,0.006522838,0.00010077,0.05
24/9/2020,0.082530347,0.002785818,0.00018494,0.022779856,0.016342773,0.018577165,0.000142504,0.00012864,0.000184191,0.959378897,0.050328295,0.006522838,0.00010077,0.05
25/9/2020,0.082530347,0.002785818,0.00018494,0.022779856,0.016342773,0.018577165,0.000142504,0.00012864,0.000184191,0.959378897,0.050328295,0.006522838,0.00010077,0.05
26/9/2020,0.082530347,0.002785818,0.00018494,0.022779856,0.016342773,0.018577165,0.000142504,0.00012864,0.000184191,0.959378897,0.050328295,0.006522838,0.00010077,0.05
27/9/2020,0.082530347,0.002785818,0.00018494,0.022779856,0.016342773,0.018577165,0.000142504,0.00012864,0.000184191,0.959378897,0.050328295,0.006522838,0.00010077,0.05
28/9/2020,0.082530347,0.002785818,0.00018494,0.022779856,0.016342773,0.018577165,0.000142504,0.00012864,0.000184191,0.959378897,0.050328295,0.006522838,0.00010077,0.05
29/9/2020,0.082530347,0.002785818,0.00018494,0.022779856,0.016342773,0.018577165,0.000142504,0.00012864,0.000184191,0.959378897,0.050328295,0.006522838,0.00010077,0.05
30/9/2020,0.082530347,0.002785818,0.00018494,0.022779856,0.016342773,0.018577165,0.000142504,0.00012864,0.000184191,0.959378897,0.050328295,0.006522838,0.00010077,0.05
1/10/2020,0.082530347,0.002785818,0.00018494,0.022779856,0.016342773,0.018577165,0.000142504,0.00012864,0.000184191,0.959378897,0.050328295,0.006522838,0.00010077,0.05
2/10/2020,0.082530347,0.002785818,0.00018494,0.022779856,0.016342773,0.018577165,0.000142504,0.00012864,0.000184191,0.959378897,0.050328295,0.006522838,0.00010077,0.05
3/10/2020,0.082530347,0.002785818,0.00018494,0.022779856,0.016342773,0.018577165,0.000142504,0.00012864,0.000184191,0.959378897,0.050328295,0.006522838,0.00010077,0.05
4/10/2020,0.082530347,0.002785818,0.00018494,0.022779856,0.016342773,0.018577165,0.000142504,0.00012864,0.000184191,0.959378897,0.050328295,0.006522838,0.00010077,0.05
5/10/2020,0.082530347,0.002785818,0.00018494,0.022779856,0.016342773,0.018577165,0.000142504,0.00012864,0.000184191,0.959378897,0.050328295,0.006522838,0.00010077,0.05
6/10/2020,0.082530347,0.002785818,0.00018494,0.022779856,0.016342773,0.018577165,0.000142504,0.00012864,0.000184191,0.959378897,0.050328295,0.006522838,0.00010077,0.05
7/10/2020,0.082530347,0.002785818,0.00018494,0.022779856,0.016342773,0.018577165,0.000142504,0.00012864,0.000184191,0.959378897,0.050328295,0.006522838,0.00010077,0.05
8/10/2020,0.082530347,0.002785818,0.00018494,0.022779856,0.016342773,0.018577165,0.000142504,0.00012864,0.000184191,0.959378897,0.050328295,0.006522838,0.00010077,0.05
9/10/2020,0.082530347,0.002785818,0.00018494,0.022779856,0.016342773,0.018577165,0.000142504,0.00012864,0.000184191,0.959378897,0.050328295,0.006522838,0.00010077,0.05
10/10/2020,0.082530347,0.002785818,0.00018494,0.022779856,0.016342773,0.018577165,0.000142504,0.00012864,0.000184191,0.959378897,0.050328295,0.006522838,0.00010077,0.05
11/10/2020,0.056879641,0.002335248,0.000376855,0.025296646,0.017706383,0.020061996,9.21E-05,8.12E-05,0.000115978,0.984127829,0.040064265,0.004489319,0.000100472,0.05
12/10/2020,0.056879641,0.002335248,0.000376855,0.025296646,0.017706383,0.020061996,9.21E-05,8.12E-05,0.000115978,0.984127829,0.040064265,0.004489319,0.000100472,0.05
13/10/2020,0.056879641,0.002335248,0.000376855,0.025296646,0.017706383,0.020061996,9.21E-05,8.12E-05,0.000115978,0.984127829,0.040064265,0.004489319,0.000100472,0.05
14/10/2020,0.07391216,0.001849042,0.00011422,0.012396373,0.008436097,0.009792218,0.000248476,0.000214261,0.000307993,0.979784143,0.037055708,0.003441854,9.85E-05,0.05
15/10/2020,0.07391216,0.001849042,0.00011422,0.012396373,0.008436097,0.009792218,0.000248476,0.000214261,0.000307993,0.979784143,0.037055708,0.003441854,9.85E-05,0.05
16/10/2020,0.07391216,0.001849042,0.00011422,0.012396373,0.008436097,0.009792218,0.000248476,0.000214261,0.000307993,0.979784143,0.037055708,0.003441854,9.85E-05,0.05
17/10/2020,0.07391216,0.001849042,0.00011422,0.012396373,0.008436097,0.009792218,0.000248476,0.000214261,0.000307993,0.979784143,0.037055708,0.003441854,9.85E-05,0.05
18/10/2020,0.07391216,0.001849042,0.00011422,0.012396373,0.008436097,0.009792218,0.000248476,0.000214261,0.000307993,0.979784143,0.037055708,0.003441854,9.85E-05,0.05
19/10/2020,0.07391216,0.001849042,0.00011422,0.012396373,0.008436097,0.009792218,0.000248476,0.000214261,0.000307993,0.979784143,0.037055708,0.003441854,9.85E-05,0.05
20/10/2020,0.07391216,0.001849042,0.00011422,0.012396373,0.008436097,0.009792218,0.000248476,0.000214261,0.000307993,0.979784143,0.037055708,0.003441854,9.85E-05,0.05
21/10/2020,0.07391216,0.001849042,0.00011422,0.012396373,0.008436097,0.009792218,0.000248476,0.000214261,0.000307993,0.979784143,0.037055708,0.003441854,9.85E-05,0.05
22/10/2020,0.07391216,0.001849042,0.00011422,0.012396373,0.008436097,0.009792218,0.000248476,0.000214261,0.000307993,0.979784143,0.037055708,0.003441854,9.85E-05,0.05
23/10/2020,0.07391216,0.001849042,0.00011422,0.012396373,0.008436097,0.009792218,0.000248476,0.000214261,0.000307993,0.979784143,0.037055708,0.003441854,9.85E-05,0.05
24/10/2020,0.07391216,0.001849042,0.00011422,0.012396373,0.008436097,0.009792218,0.000248476,0.000214261,0.000307993,0.979784143,0.037055708,0.003441854,9.85E-05,0.05
25/10/2020,0.07391216,0.001849042,0.00011422,0.012396373,0.008436097,0.009792218,0.000248476,0.000214261,0.000307993,0.979784143,0.037055708,0.003441854,9.85E-05,0.05
26/10/2020,0.07391216,0.001849042,0.00011422,0.012396373,0.008436097,0.009792218,0.000248476,0.000214261,0.000307993,0.979784143,0.037055708,0.003441854,9.85E-05,0.05
27/10/2020,0.07391216,0.001849042,0.00011422,0.012396373,0.008436097,0.009792218,0.000248476,0.000214261,0.000307993,0.979784143,0.037055708,0.003441854,9.85E-05,0.05
28/10/2020,0.07391216,0.001849042,0.00011422,0.012396373,0.008436097,0.009792218,0.000248476,0.000214261,0.000307993,0.979784143,0.037055708,0.003441854,9.85E-05,0.05
29/10/2020,0.07391216,0.001849042,0.00011422,0.012396373,0.008436097,0.009792218,0.000248476,0.000214261,0.000307993,0.979784143,0.037055708,0.003441854,9.85E-05,0.05
30/10/2020,0.07391216,0.001849042,0.00011422,0.012396373,0.008436097,0.009792218,0.000248476,0.000214261,0.000307993,0.979784143,0.037055708,0.003441854,9.85E-05,0.05
31/10/2020,0.07391216,0.001849042,0.00011422,0.012396373,0.008436097,0.009792218,0.000248476,0.000214261,0.000307993,0.979784143,0.037055708,0.003441854,9.85E-05,0.05
1/11/2020,0.036805898,0.000151832,3.37E-05,0.0198215,0.013871358,0.015856819,0.000296877,0.000260028,0.000371177,0.969401408,0.02816245,0.002520102,0.000100033,0.05
2/11/2020,0.036805898,0.000151832,3.37E-05,0.0198215,0.013871358,0.015856819,0.000296877,0.000260028,0.000371177,0.969401408,0.02816245,0.002520102,0.000100033,0.05
3/11/2020,0.036805898,0.000151832,3.37E-05,0.0198215,0.013871358,0.015856819,0.000296877,0.000260028,0.000371177,0.969401408,0.02816245,0.002520102,0.000100033,0.05
4/11/2020,0.036805898,0.000151832,3.37E-05,0.0198215,0.013871358,0.015856819,0.000296877,0.000260028,0.000371177,0.969401408,0.02816245,0.002520102,0.000100033,0.05
5/11/2020,0.036805898,0.000151832,3.37E-05,0.0198215,0.013871358,0.015856819,0.000296877,0.000260028,0.000371177,0.969401408,0.02816245,0.002520102,0.000100033,0.05
6/11/2020,0.036805898,0.000151832,3.37E-05,0.0198215,0.013871358,0.015856819,0.000296877,0.000260028,0.000371177,0.969401408,0.02816245,0.002520102,0.000100033,0.05
7/11/2020,0.036805898,0.000151832,3.37E-05,0.0198215,0.013871358,0.015856819,0.000296877,0.000260028,0.000371177,0.969401408,0.02816245,0.002520102,0.000100033,0.05
8/11/2020,0.036805898,0.000151832,3.37E-05,0.0198215,0.013871358,0.015856819,0.000296877,0.000260028,0.000371177,0.969401408,0.02816245,0.002520102,0.000100033,0.05
9/11/2020,0.036805898,0.000151832,3.37E-05,0.0198215,0.013871358,0.015856819,0.000296877,0.000260028,0.000371177,0.969401408,0.02816245,0.002520102,0.000100033,0.05
10/11/2020,0.036805898,0.000151832,3.37E-05,0.0198215,0.013871358,0.015856819,0.000296877,0.000260028,0.000371177,0.969401408,0.02816245,0.002520102,0.000100033,0.05
11/11/2020,0.02933924,7.25E-05,2.04E-05,0.045098079,0.031552746,0.036624771,0.000368027,0.000310819,0.000442637,0.970601013,0.028449312,0.002674356,1.00E-04,0.05
12/11/2020,0.02933924,7.25E-05,2.04E-05,0.045098079,0.031552746,0.036624771,0.000368027,0.000310819,0.000442637,0.970601013,0.028449312,0.002674356,1.00E-04,0.05
13/11/2020,0.02933924,7.25E-05,2.04E-05,0.045098079,0.031552746,0.036624771,0.000368027,0.000310819,0.000442637,0.970601013,0.028449312,0.002674356,1.00E-04,0.05
14/11/2020,0.02933924,7.25E-05,2.04E-05,0.045098079,0.031552746,0.036624771,0.000368027,0.000310819,0.000442637,0.970601013,0.028449312,0.002674356,1.00E-04,0.05
15/11/2020,0.02933924,7.25E-05,2.04E-05,0.045098079,0.031552746,0.036624771,0.000368027,0.000310819,0.000442637,0.970601013,0.028449312,0.002674356,1.00E-04,0.05
16/11/2020,0.02933924,7.25E-05,2.04E-05,0.045098079,0.031552746,0.036624771,0.000368027,0.000310819,0.000442637,0.970601013,0.028449312,0.002674356,1.00E-04,0.05
17/11/2020,0.02933924,7.25E-05,2.04E-05,0.045098079,0.031552746,0.036624771,0.000368027,0.000310819,0.000442637,0.970601013,0.028449312,0.002674356,1.00E-04,0.05
18/11/2020,0.02933924,7.25E-05,2.04E-05,0.045098079,0.031552746,0.036624771,0.000368027,0.000310819,0.000442637,0.970601013,0.028449312,0.002674356,1.00E-04,0.05
19/11/2020,0.02933924,7.25E-05,2.04E-05,0.045098079,0.031552746,0.036624771,0.000368027,0.000310819,0.000442637,0.970601013,0.028449312,0.002674356,1.00E-04,0.05
20/11/2020,0.02933924,7.25E-05,2.04E-05,0.045098079,0.031552746,0.036624771,0.000368027,0.000310819,0.000442637,0.970601013,0.028449312,0.002674356,1.00E-04,0.05
21/11/2020,0.02933924,7.25E-05,2.04E-05,0.045098079,0.031552746,0.036624771,0.000368027,0.000310819,0.000442637,0.970601013,0.028449312,0.002674356,1.00E-04,0.05
22/11/2020,0.02933924,7.25E-05,2.04E-05,0.045098079,0.031552746,0.036624771,0.000368027,0.000310819,0.000442637,0.970601013,0.028449312,0.002674356,1.00E-04,0.05
23/11/2020,0.02933924,7.25E-05,2.04E-05,0.045098079,0.031552746,0.036624771,0.000368027,0.000310819,0.000442637,0.970601013,0.028449312,0.002674356,1.00E-04,0.05
24/11/2020,0.02933924,7.25E-05,2.04E-05,0.045098079,0.031552746,0.036624771,0.000368027,0.000310819,0.000442637,0.970601013,0.028449312,0.002674356,1.00E-04,0.05
25/11/2020,0.02933924,7.25E-05,2.04E-05,0.045098079,0.031552746,0.036624771,0.000368027,0.000310819,0.000442637,0.970601013,0.028449312,0.002674356,1.00E-04,0.05
26/11/2020,0.02933924,7.25E-05,2.04E-05,0.045098079,0.031552746,0.036624771,0.000368027,0.000310819,0.000442637,0.970601013,0.028449312,0.002674356,1.00E-04,0.05
27/11/2020,0.02933924,7.25E-05,2.04E-05,0.045098079,0.031552746,0.036624771,0.000368027,0.000310819,0.000442637,0.970601013,0.028449312,0.002674356,1.00E-04,0.05
28/11/2020,0.044266619,0.000755235,2.16E-05,0.063288478,0.049189578,0.05832608,0.000599542,0.000517691,0.000754114,0.98393151,0.044315601,0.004102925,9.87E-05,0.05
29/11/2020,0.044266619,0.000755235,2.16E-05,0.063288478,0.049189578,0.05832608,0.000599542,0.000517691,0.000754114,0.98393151,0.044315601,0.004102925,9.87E-05,0.05
30/11/2020,0.044266619,0.000755235,2.16E-05,0.063288478,0.049189578,0.05832608,0.000599542,0.000517691,0.000754114,0.98393151,0.044315601,0.004102925,9.87E-05,0.05
1/12/2020,0.044266619,0.000755235,2.16E-05,0.063288478,0.049189578,0.05832608,0.000599542,0.000517691,0.000754114,0.98393151,0.044315601,0.004102925,9.87E-05,0.05
2/12/2020,0.044266619,0.000755235,2.16E-05,0.063288478,0.049189578,0.05832608,0.000599542,0.000517691,0.000754114,0.98393151,0.044315601,0.004102925,9.87E-05,0.05
3/12/2020,0.044266619,0.000755235,2.16E-05,0.063288478,0.049189578,0.05832608,0.000599542,0.000517691,0.000754114,0.98393151,0.044315601,0.004102925,9.87E-05,0.05
4/12/2020,0.044266619,0.000755235,2.16E-05,0.063288478,0.049189578,0.05832608,0.000599542,0.000517691,0.000754114,0.98393151,0.044315601,0.004102925,9.87E-05,0.05
5/12/2020,0.044266619,0.000755235,2.16E-05,0.063288478,0.049189578,0.05832608,0.000599542,0.000517691,0.000754114,0.98393151,0.044315601,0.004102925,9.87E-05,0.05
6/12/2020,0.044266619,0.000755235,2.16E-05,0.063288478,0.049189578,0.05832608,0.000599542,0.000517691,0.000754114,0.98393151,0.044315601,0.004102925,9.87E-05,0.05
7/12/2020,0.044266619,0.000755235,2.16E-05,0.063288478,0.049189578,0.05832608,0.000599542,0.000517691,0.000754114,0.98393151,0.044315601,0.004102925,9.87E-05,0.05
8/12/2020,0.044266619,0.000755235,2.16E-05,0.063288478,0.049189578,0.05832608,0.000599542,0.000517691,0.000754114,0.98393151,0.044315601,0.004102925,9.87E-05,0.05
9/12/2020,0.07617545,0.000901886,8.32E-05,0.049882512,0.036156744,0.040300132,0.000781532,0.000658132,0.000968964,0.946890742,0.052585981,0.004572593,0.00010228,0.05
10/12/2020,0.07617545,0.000901886,8.32E-05,0.049882512,0.036156744,0.040300132,0.000781532,0.000658132,0.000968964,0.946890742,0.052585981,0.004572593,0.00010228,0.05
11/12/2020,0.07617545,0.000901886,8.32E-05,0.049882512,0.036156744,0.040300132,0.000781532,0.000658132,0.000968964,0.946890742,0.052585981,0.004572593,0.00010228,0.05
12/12/2020,0.07617545,0.000901886,8.32E-05,0.049882512,0.036156744,0.040300132,0.000781532,0.000658132,0.000968964,0.946890742,0.052585981,0.004572593,0.00010228,0.05
13/12/2020,0.07617545,0.000901886,8.32E-05,0.049882512,0.036156744,0.040300132,0.000781532,0.000658132,0.000968964,0.946890742,0.052585981,0.004572593,0.00010228,0.05
14/12/2020,0.07617545,0.000901886,8.32E-05,0.049882512,0.036156744,0.040300132,0.000781532,0.000658132,0.000968964,0.946890742,0.052585981,0.004572593,0.00010228,0.05
15/12/2020,0.07617545,0.000901886,8.32E-05,0.049882512,0.036156744,0.040300132,0.000781532,0.000658132,0.000968964,0.946890742,0.052585981,0.004572593,0.00010228,0.05
16/12/2020,0.063143401,0.000594598,9.45E-05,0.035705165,0.026305396,0.03027827,0.000840734,0.000709363,0.001034595,1.008596707,0.043948723,0.004094168,0.000100439,0.05
17/12/2020,0.063143401,0.000594598,9.45E-05,0.035705165,0.026305396,0.03027827,0.000840734,0.000709363,0.001034595,1.008596707,0.043948723,0.004094168,0.000100439,0.05
18/12/2020,0.063143401,0.000594598,9.45E-05,0.035705165,0.026305396,0.03027827,0.000840734,0.000709363,0.001034595,1.008596707,0.043948723,0.004094168,0.000100439,0.05
19/12/2020,0.063143401,0.000594598,9.45E-05,0.035705165,0.026305396,0.03027827,0.000840734,0.000709363,0.001034595,1.008596707,0.043948723,0.004094168,0.000100439,0.05
20/12/2020,0.063143401,0.000594598,9.45E-05,0.035705165,0.026305396,0.03027827,0.000840734,0.000709363,0.001034595,1.008596707,0.043948723,0.004094168,0.000100439,0.05
21/12/2020,0.063143401,0.000594598,9.45E-05,0.035705165,0.026305396,0.03027827,0.000840734,0.000709363,0.001034595,1.008596707,0.043948723,0.004094168,0.000100439,0.05
22/12/2020,0.063143401,0.000594598,9.45E-05,0.035705165,0.026305396,0.03027827,0.000840734,0.000709363,0.001034595,1.008596707,0.043948723,0.004094168,0.000100439,0.05
23/12/2020,0.063143401,0.000594598,9.45E-05,0.035705165,0.026305396,0.03027827,0.000840734,0.000709363,0.001034595,1.008596707,0.043948723,0.004094168,0.000100439,0.05
24/12/2020,0.063143401,0.000594598,9.45E-05,0.035705165,0.026305396,0.03027827,0.000840734,0.000709363,0.001034595,1.008596707,0.043948723,0.004094168,0.000100439,0.05
25/12/2020,0.063143401,0.000594598,9.45E-05,0.035705165,0.026305396,0.03027827,0.000840734,0.000709363,0.001034595,1.008596707,0.043948723,0.004094168,0.000100439,0.05
26/12/2020,0.063143401,0.000594598,9.45E-05,0.035705165,0.026305396,0.03027827,0.000840734,0.000709363,0.001034595,1.008596707,0.043948723,0.004094168,0.000100439,0.05
27/12/2020,0.052765721,0.00060988,7.93E-05,0.037181908,0.027122792,0.030274354,0.001300885,0.0010921,0.001539085,0.975023253,0.043785179,0.004392611,9.92E-05,0.05
28/12/2020,0.052765721,0.00060988,7.93E-05,0.037181908,0.027122792,0.030274354,0.001300885,0.0010921,0.001539085,0.975023253,0.043785179,0.004392611,9.92E-05,0.05
29/12/2020,0.052765721,0.00060988,7.93E-05,0.037181908,0.027122792,0.030274354,0.001300885,0.0010921,0.001539085,0.975023253,0.043785179,0.004392611,9.92E-05,0.05
30/12/2020,0.052765721,0.00060988,7.93E-05,0.037181908,0.027122792,0.030274354,0.001300885,0.0010921,0.001539085,0.975023253,0.043785179,0.004392611,9.92E-05,0.05
31/12/2020,0.052765721,0.00060988,7.93E-05,0.037181908,0.027122792,0.030274354,0.001300885,0.0010921,0.001539085,0.975023253,0.043785179,0.004392611,9.92E-05,0.05
1/1/2021,0.052765721,0.00060988,7.93E-05,0.037181908,0.027122792,0.030274354,0.001300885,0.0010921,0.001539085,0.975023253,0.043785179,0.004392611,9.92E-05,0.05
2/1/2021,0.052765721,0.00060988,7.93E-05,0.037181908,0.027122792,0.030274354,0.001300885,0.0010921,0.001539085,0.975023253,0.043785179,0.004392611,9.92E-05,0.05
3/1/2021,0.052765721,0.00060988,7.93E-05,0.037181908,0.027122792,0.030274354,0.001300885,0.0010921,0.001539085,0.975023253,0.043785179,0.004392611,9.92E-05,0.05
4/1/2021,0.052765721,0.00060988,7.93E-05,0.037181908,0.027122792,0.030274354,0.001300885,0.0010921,0.001539085,0.975023253,0.043785179,0.004392611,9.92E-05,0.05
5/1/2021,0.052765721,0.00060988,7.93E-05,0.037181908,0.027122792,0.030274354,0.001300885,0.0010921,0.001539085,0.975023253,0.043785179,0.004392611,9.92E-05,0.05
6/1/2021,0.052765721,0.00060988,7.93E-05,0.037181908,0.027122792,0.030274354,0.001300885,0.0010921,0.001539085,0.975023253,0.043785179,0.004392611,9.92E-05,0.05
7/1/2021,0.052765721,0.00060988,7.93E-05,0.037181908,0.027122792,0.030274354,0.001300885,0.0010921,0.001539085,0.975023253,0.043785179,0.004392611,9.92E-05,0.05
8/1/2021,0.052765721,0.00060988,7.93E-05,0.037181908,0.027122792,0.030274354,0.001300885,0.0010921,0.001539085,0.975023253,0.043785179,0.004392611,9.92E-05,0.05
9/1/2021,0.052765721,0.00060988,7.93E-05,0.037181908,0.027122792,0.030274354,0.001300885,0.0010921,0.001539085,0.975023253,0.043785179,0.004392611,9.92E-05,0.05
10/1/2021,0.052765721,0.00060988,7.93E-05,0.037181908,0.027122792,0.030274354,0.001300885,0.0010921,0.001539085,0.975023253,0.043785179,0.004392611,9.92E-05,0.05
11/1/2021,0.041667261,0.001500604,3.74E-05,0.062864597,0.044499068,0.05045229,0.001415594,0.001190582,0.00170031,0.951073796,0.046246153,0.004696293,0.000100227,0.05
12/1/2021,0.048404084,0.000552257,0.000110811,0.07164992,0.041474144,0.053010906,0.001598933,0.001334484,0.001936902,0.7629066,0.063452561,0.006892262,0.000111197,0.05
13/1/2021,0.048404084,0.000552257,0.000110811,0.07164992,0.041474144,0.053010906,0.001598933,0.001334484,0.001936902,0.7629066,0.063452561,0.006892262,0.000111197,0.05
14/1/2021,0.048404084,0.000552257,0.000110811,0.07164992,0.041474144,0.053010906,0.001598933,0.001334484,0.001936902,0.7629066,0.063452561,0.006892262,0.000111197,0.05
15/1/2021,0.048404084,0.000552257,0.000110811,0.07164992,0.041474144,0.053010906,0.001598933,0.001334484,0.001936902,0.7629066,0.063452561,0.006892262,0.000111197,0.05
16/1/2021,0.048404084,0.000552257,0.000110811,0.07164992,0.041474144,0.053010906,0.001598933,0.001334484,0.001936902,0.7629066,0.063452561,0.006892262,0.000111197,0.05
17/1/2021,0.048404084,0.000552257,0.000110811,0.07164992,0.041474144,0.053010906,0.001598933,0.001334484,0.001936902,0.7629066,0.063452561,0.006892262,0.000111197,0.05
18/1/2021,0.048404084,0.000552257,0.000110811,0.07164992,0.041474144,0.053010906,0.001598933,0.001334484,0.001936902,0.7629066,0.063452561,0.006892262,0.000111197,0.05
19/1/2021,0.048404084,0.000552257,0.000110811,0.07164992,0.041474144,0.053010906,0.001598933,0.001334484,0.001936902,0.7629066,0.063452561,0.006892262,0.000111197,0.05
20/1/2021,0.048404084,0.000552257,0.000110811,0.07164992,0.041474144,0.053010906,0.001598933,0.001334484,0.001936902,0.7629066,0.063452561,0.006892262,0.000111197,0.05
21/1/2021,0.048404084,0.000552257,0.000110811,0.07164992,0.041474144,0.053010906,0.001598933,0.001334484,0.001936902,0.7629066,0.063452561,0.006892262,0.000111197,0.05
22/1/2021,0.048404084,0.000552257,0.000110811,0.07164992,0.041474144,0.053010906,0.001598933,0.001334484,0.001936902,0.7629066,0.063452561,0.006892262,0.000111197,0.05
23/1/2021,0.048404084,0.000552257,0.000110811,0.07164992,0.041474144,0.053010906,0.001598933,0.001334484,0.001936902,0.7629066,0.063452561,0.006892262,0.000111197,0.05
24/1/2021,0.048404084,0.000552257,0.000110811,0.07164992,0.041474144,0.053010906,0.001598933,0.001334484,0.001936902,0.7629066,0.063452561,0.006892262,0.000111197,0.05
25/1/2021,0.048404084,0.000552257,0.000110811,0.07164992,0.041474144,0.053010906,0.001598933,0.001334484,0.001936902,0.7629066,0.063452561,0.006892262,0.000111197,0.05
26/1/2021,0.048404084,0.000552257,0.000110811,0.07164992,0.041474144,0.053010906,0.001598933,0.001334484,0.001936902,0.7629066,0.063452561,0.006892262,0.000111197,0.05
27/1/2021,0.048404084,0.000552257,0.000110811,0.07164992,0.041474144,0.053010906,0.001598933,0.001334484,0.001936902,0.7629066,0.063452561,0.006892262,0.000111197,0.05
28/1/2021,0.048404084,0.000552257,0.000110811,0.07164992,0.041474144,0.053010906,0.001598933,0.001334484,0.001936902,0.7629066,0.063452561,0.006892262,0.000111197,0.05
29/1/2021,0.048404084,0.000552257,0.000110811,0.07164992,0.041474144,0.053010906,0.001598933,0.001334484,0.001936902,0.7629066,0.063452561,0.006892262,0.000111197,0.05
30/1/2021,0.048404084,0.000552257,0.000110811,0.07164992,0.041474144,0.053010906,0.001598933,0.001334484,0.001936902,0.7629066,0.063452561,0.006892262,0.000111197,0.05
31/1/2021,0.048404084,0.000552257,0.000110811,0.07164992,0.041474144,0.053010906,0.001598933,0.001334484,0.001936902,0.7629066,0.063452561,0.006892262,0.000111197,0.05
1/2/2021,0.048404084,0.000552257,0.000110811,0.07164992,0.041474144,0.053010906,0.001598933,0.001334484,0.001936902,0.7629066,0.063452561,0.006892262,0.000111197,0.05
2/2/2021,0.048404084,0.000552257,0.000110811,0.07164992,0.041474144,0.053010906,0.001598933,0.001334484,0.001936902,0.7629066,0.063452561,0.006892262,0.000111197,0.05
3/2/2021,0.048404084,0.000552257,0.000110811,0.07164992,0.041474144,0.053010906,0.001598933,0.001334484,0.001936902,0.7629066,0.063452561,0.006892262,0.000111197,0.05
4/2/2021,0.048404084,0.000552257,0.000110811,0.07164992,0.041474144,0.053010906,0.001598933,0.001334484,0.001936902,0.7629066,0.063452561,0.006892262,0.000111197,0.05
5/2/2021,0.048404084,0.000552257,0.000110811,0.07164992,0.041474144,0.053010906,0.001598933,0.001334484,0.001936902,0.7629066,0.063452561,0.006892262,0.000111197,0.05
6/2/2021,0.048404084,0.000552257,0.000110811,0.07164992,0.041474144,0.053010906,0.001598933,0.001334484,0.001936902,0.7629066,0.063452561,0.006892262,0.000111197,0.05
7/2/2021,0.048404084,0.000552257,0.000110811,0.07164992,0.041474144,0.053010906,0.001598933,0.001334484,0.001936902,0.7629066,0.063452561,0.006892262,0.000111197,0.05
8/2/2021,0.048404084,0.000552257,0.000110811,0.07164992,0.041474144,0.053010906,0.001598933,0.001334484,0.001936902,0.7629066,0.063452561,0.006892262,0.000111197,0.05
9/2/2021,0.048404084,0.000552257,0.000110811,0.07164992,0.041474144,0.053010906,0.001598933,0.001334484,0.001936902,0.7629066,0.063452561,0.006892262,0.000111197,0.05
10/2/2021,0.048404084,0.000552257,0.000110811,0.07164992,0.041474144,0.053010906,0.001598933,0.001334484,0.001936902,0.7629066,0.063452561,0.006892262,0.000111197,0.05
11/2/2021,0.048404084,0.000552257,0.000110811,0.07164992,0.041474144,0.053010906,0.001598933,0.001334484,0.001936902,0.7629066,0.063452561,0.006892262,0.000111197,0.05
